Domain,Total,Correct,Accuracy,Mean Conf,Std Conf,Wrong,Cal. Gap,ECE,High-Conf Wrong,% Wrong HC
GSM8K,100,96,0.96,1.0,0.0,4,0.040000000000000036,0.0,4,1.0
MedQA,100,89,0.89,0.9115000000000001,0.040110327645612454,11,0.021500000000000075,0.04249999999999976,11,1.0
StrategyQA,84,68,0.8095238095238095,0.9541975308641976,0.05735556201300061,16,0.14467372134038803,0.08202380952380946,15,0.9375
TruthfulQA,100,64,0.64,0.9352525252525253,0.066245422396238,36,0.2952525252525253,0.1659,35,0.9722222222222222
MMLU,100,60,0.6,0.99,0.1,40,0.39,0.0,39,0.975
